Index,Fitness,Structure,Controller_Weights
0,2.0776165046242663,"0.0,3.0,1.0,3.0,0.0|4.0,4.0,4.0,0.0,0.0|1.0,4.0,2.0,3.0,0.0|4.0,2.0,3.0,3.0,0.0|3.0,3.0,0.0,3.0,0.0","[[-1.37316058 -1.82253952 -0.35858151 ... -0.44758057  0.01854635
  -0.01375815]
 [-0.87000063  1.51731432  0.2736914  ... -0.58176601 -1.87720167
   0.10811624]
 [-1.54253291 -0.96285321 -0.8631255  ... -1.99465316  0.88294137
  -0.77158238]
 ...
 [-0.98566889 -0.05973325 -1.10612854 ... -1.35274936 -0.33174697
   1.05377293]
 [ 0.6515655  -1.42378205  0.35359397 ... -0.57746687 -0.05802962
   0.57229561]
 [ 0.78723985  0.39984975  0.73659484 ...  0.56673622  1.74029799
  -0.85974992]];[ 1.32143796  0.28364034  1.08161872  1.64409209 -1.02910692 -0.35392267
 -0.40026077  2.41417948  2.18217763  0.08265197  0.83600929  0.52152361
 -1.27429495  0.70038129  1.57522367 -1.51245142];[[-6.37606196e-01  1.53560576e-01 -3.21426545e-02  4.04531464e-04
  -2.47024242e-01 -2.05367735e+00 -4.21251571e-01 -7.49385557e-01
   1.74761988e-03  8.94356656e-01 -5.11434295e-01  3.94038829e-01
   3.56125562e-01 -1.76224697e+00  4.81982381e-01 -1.97872040e-01]
 [-1.01237111e+00 -9.04361950e-01 -9.67417902e-01  2.55243468e+00
  -3.83955602e-01 -3.23584473e-01 -5.55301295e-01 -8.96025366e-01
   9.53565067e-02 -2.71823176e+00 -1.65609977e-01 -1.22078609e+00
   2.57485258e-01  4.02203695e-01 -8.22481887e-01  1.77612311e-01]
 [-1.50190864e+00  3.40545342e-01 -4.23195514e-01  2.69591479e-01
  -5.79799097e-01 -5.46447599e-02 -1.18605180e+00  7.70648300e-01
  -1.34525813e+00 -2.05403750e+00  4.80185580e-01  1.17231368e+00
   2.60118384e+00 -7.66670677e-01 -4.50061563e-01 -1.62254238e+00]
 [ 1.20169426e+00 -5.18705337e-01  3.18561381e-01 -1.36139422e+00
  -2.62432065e-01  1.98793962e-01  1.45547408e+00 -8.32856126e-01
   1.84160555e+00 -1.47331383e+00  1.00393811e+00 -2.94192197e-01
   1.77301839e+00 -7.72565221e-01 -3.55225132e-01  1.17303475e+00]
 [ 6.98589475e-01  2.60891702e-01 -7.54674551e-01 -2.95818293e-01
  -2.73719960e-01  8.83406712e-01 -5.32446300e-01 -1.60040184e-01
  -9.43373947e-01  4.06602474e-01  2.45596904e-02 -1.53290653e-01
   2.40313209e-01  8.98779839e-01  4.40250064e-01  4.99044989e-01]
 [ 1.25035499e+00  1.34232529e+00 -1.40544742e+00 -2.95468329e-01
   5.33786339e-01 -1.61118358e+00 -3.29894018e-01  5.16065451e-01
  -1.39987188e-02 -2.47989364e+00 -7.05443201e-01  1.01784515e+00
   1.35494194e+00  4.32204318e-01 -5.73060254e-02 -1.44785138e-01]
 [ 6.27834951e-01 -2.96363449e-01 -2.58655826e-01  2.15359041e+00
   2.32602098e+00  4.38150359e-01  2.85305422e-01  6.02396100e-01
  -4.11341026e-01  7.95460692e-02 -8.11735174e-01 -6.72425834e-01
   1.42306505e-01  1.88450959e-01 -1.06504345e+00  5.19197513e-01]
 [-1.29821769e+00 -5.29544065e-01 -9.14949965e-03  8.63347883e-01
  -2.41578912e-01 -6.34518446e-01 -3.28084489e-01  3.48174868e-01
   1.61392437e+00  1.72298246e+00 -1.99501646e+00  1.68860560e+00
  -2.19542990e-01 -2.57432955e-01 -1.21890578e+00 -2.10352900e-01]
 [-9.82782287e-01 -3.37333953e-01  8.15352347e-01 -6.89352786e-01
   1.83391500e+00 -6.06084918e-01 -7.68324812e-01 -1.61511457e-02
   2.35264169e-01 -2.02588820e-01 -5.30456242e-01 -1.82703170e+00
   2.88519173e-02 -3.98610391e-01  1.25660725e+00  1.21668664e-01]
 [-5.24551691e-01  3.04178435e-01  4.12204606e-02  2.84958790e-01
   7.83511960e-01 -8.64522551e-01  6.26011223e-01 -1.08665777e+00
  -6.41822806e-01  9.49884937e-01 -2.20634979e-01  6.30472658e-01
   1.86224345e+00 -6.60285886e-01 -6.81526380e-01  1.45868791e-01]
 [-2.25361029e-01 -5.17988726e-01  2.00266786e+00 -8.88164222e-01
   8.54847356e-01  3.49480024e-01 -9.52741003e-01  8.70648838e-01
  -6.02253274e-01  1.86463969e+00 -1.39858063e+00  4.75846796e-01
  -1.71313574e-01  1.12617106e+00 -3.65528203e-01  4.02556372e-02]
 [ 6.66912914e-01  1.88211510e-01 -1.91649679e+00 -7.64983201e-01
   2.41762557e-01 -2.43664567e+00  6.27728009e-01  1.10841827e+00
  -3.58833589e-01  1.33900242e+00 -9.67058342e-01 -2.54602985e+00
  -3.69976686e-01 -1.20771124e+00  1.44973094e+00 -1.66131349e-01]
 [-6.28034881e-01 -2.93792864e-01  1.39018292e+00  6.59069163e-01
  -9.64393478e-01  1.66132885e+00  2.11712124e+00 -2.24726049e-01
   8.14962859e-01  1.64198766e-01 -2.90558333e-01  4.75610328e-01
   1.67366066e+00  2.34740512e-01 -4.00708503e-01  1.31889202e+00]];[ 0.6838443  -0.22718923 -1.38176101 -0.60915683 -0.26397305 -0.70579803
 -1.47386719 -0.81990982  0.96952429  1.961396    0.71437393  0.76189158
  0.18223318]"
1,1.984387305939489,"2.0,1.0,3.0,3.0,2.0|1.0,1.0,4.0,1.0,0.0|4.0,1.0,1.0,1.0,2.0|4.0,2.0,3.0,0.0,1.0|4.0,0.0,0.0,4.0,4.0","[[ 2.1876932  -0.77865968 -0.4512459  ...  0.51220308 -1.28736378
  -0.99147517]
 [ 0.09627218  1.31479979  0.85503646 ...  0.09796806 -0.59540259
   1.94919688]
 [ 0.68518248  1.3307853  -0.63462834 ...  0.01321728 -0.56708998
   0.77173689]
 ...
 [-0.19436757 -0.63979472 -0.70698303 ...  1.71841285 -0.66464435
  -0.34522032]
 [-1.42341536 -0.65894767 -0.26482041 ... -0.23756322  3.1603416
   1.02152241]
 [ 0.799143    1.72341035  0.45809976 ...  0.93634044 -0.24232406
  -0.19943548]];[-0.49431809  0.65178334 -1.13037371  1.92662798  0.01277403  0.09703834
  1.13530236  0.75366224 -0.55484156  1.52871979  0.47051921 -2.16400223
  0.62634682 -2.27375388 -1.08153636  0.10202599];[[ 1.0398112   1.24118394 -0.99827783 -0.52709754 -1.0107205   0.59188598
  -0.10412629  1.06603309 -0.21163937 -0.27298157  0.61942102  0.51717239
   0.49977862  0.41048596 -0.61930757  0.31060448]
 [-2.23626891  0.6990239  -1.69279318  0.4126039  -0.09858032  0.67540179
   0.81066025  0.34486774  1.30808038  0.25971339 -1.18889865  2.69424029
  -1.48158117  1.05108348 -0.35116379  0.77212327]
 [-0.09325832  0.04649432 -0.2750364   0.84651709 -0.46719188 -1.45261583
   0.21757146  1.17777006  0.68030839 -0.15392476 -1.32858539  0.3341666
  -0.57997175 -1.70604291 -1.42840456 -1.70841851]
 [ 0.13670967 -0.51417639  0.60948071  1.54046326 -0.43428429 -1.02197796
   0.92405673 -0.32497254  0.84291107  0.54585596 -1.19334346 -0.74820364
  -1.18572486 -0.18198489  1.40345967  0.49528337]
 [ 0.90725065  2.01376405  0.82313714 -1.05831214 -0.82589916 -0.6054661
  -0.15263262 -1.57184014  0.19312564 -0.92284743  1.49951242  1.5316792
  -0.22448293 -0.34674442 -0.84414485  0.04264047]
 [ 1.37427237  0.37644581  1.51969104  0.15820685 -0.16531119  1.51030599
  -1.52715193 -1.61445045 -0.31041347  0.06443736  0.45683205 -1.44004281
   0.38493205 -1.07467884 -0.28083875  1.94369666]
 [-0.00524848 -0.32487948  0.30145873 -0.34545242  1.9008914  -0.47990212
   0.46694714 -1.69322134 -0.51204772  1.04752746 -1.29392119 -1.34513128
   1.26680473  0.16800981  0.28082077 -0.1168319 ]
 [-0.69626337 -2.18207599 -0.71233504 -2.1334278   0.19608096 -0.25047127
   0.56996115 -2.03362191  1.40890401 -0.17225073 -0.47050762 -1.26138854
   1.10472431  0.96973423 -0.95886771  0.8758717 ]
 [-2.02254498 -0.11254111  2.40029028 -1.00113665 -2.18506993  1.90382552
   0.98719167 -0.24687377  0.74270447 -1.25104615  1.23375537 -0.09426832
   0.27004605 -0.10815808  0.86754042  0.10286876]];[ 1.39851355  0.00227409 -0.68851221  0.86625837  0.95307457  1.08402277
 -0.19716871  0.29656266 -0.36055887]"
2,1.9323149475409351,"0.0,0.0,0.0,0.0,0.0|0.0,1.0,0.0,2.0,1.0|0.0,2.0,3.0,4.0,2.0|0.0,2.0,0.0,4.0,3.0|0.0,0.0,2.0,1.0,4.0","[[-1.64558168  0.9453762   0.20599189 ... -1.4768088   0.44846729
  -0.63570407]
 [ 0.09175664 -0.4412171   0.9398242  ...  0.54277639 -0.6448198
  -1.31170632]
 [-1.24096489 -1.56627156  2.29979989 ...  0.28063522  1.22034901
  -0.65646565]
 ...
 [ 3.91681679  2.15935078 -0.0608364  ...  0.74435913 -0.22139432
   0.03859154]
 [ 0.9245747   1.64182436 -1.44159094 ...  1.07462019  0.65634049
  -0.52128569]
 [-2.23490784 -0.46822677 -0.15963568 ...  0.31568003 -2.16482295
  -0.04286199]];[-0.63326944 -0.39884447  1.1911406  -1.45714445  0.7192962   0.4039869
  1.01141826 -2.51763546  0.68796035  0.26417085 -0.04711516  1.79001726
 -2.18977948  0.41283468  1.13383809 -1.68479521];[[ 0.53692408  0.57914272 -1.92195615  1.0881817  -1.18803726  1.40540268
   0.60469602  0.18742141  1.30930347  0.92503089 -1.65770005 -1.34507791
  -0.0392646  -1.05545692  1.69302148 -0.95338417]
 [-0.1130833   0.37259156  2.47444769  0.99910156 -0.682157    0.58564287
   1.10127033  1.00780162 -1.02529826  1.95697296 -0.9650748   0.6005575
  -0.82729153  0.17712348 -0.43040714 -1.09119607]
 [-2.60676713  1.14171399 -0.71531833  0.07664901  1.96928043  0.96949471
  -3.07560024 -1.08777835 -1.97750877 -0.94242918 -0.32048422  2.52638865
   1.13969626 -0.03958186  0.69011158  0.56566248]
 [-2.04928988 -1.44470077  0.50106339  0.24799367  0.18172038  1.40889303
  -0.27014338 -0.23463931 -0.0326255  -1.6250071  -1.23645697  1.38198394
  -0.20944035 -0.34839086  0.26865848 -1.66772225]
 [-0.17067358 -0.45187635  0.2336677  -1.84178246 -0.7922258  -0.33446429
  -0.58013414  1.30433905 -0.74204039  3.34595727  0.86910555 -0.61136491
   0.65448674  0.30971518 -0.20775554  0.90108112]];[-1.02863399  0.16979968  0.11310924 -0.04202365  0.58201866]"
3,1.9323149475409351,"0.0,0.0,0.0,0.0,0.0|0.0,1.0,0.0,2.0,1.0|0.0,2.0,3.0,4.0,2.0|0.0,2.0,0.0,4.0,3.0|0.0,0.0,2.0,1.0,4.0","[[-1.64558168  0.9453762   0.20599189 ... -1.4768088   0.44846729
  -0.63570407]
 [ 0.09175664 -0.4412171   0.9398242  ...  0.54277639 -0.6448198
  -1.31170632]
 [-1.24096489 -1.56627156  2.29979989 ...  0.28063522  1.22034901
  -0.65646565]
 ...
 [ 3.91681679  2.15935078 -0.0608364  ...  0.74435913 -0.22139432
   0.03859154]
 [ 0.9245747   1.64182436 -1.44159094 ...  1.07462019  0.65634049
  -0.52128569]
 [-2.23490784 -0.46822677 -0.15963568 ...  0.31568003 -2.16482295
  -0.04286199]];[-0.63326944 -0.39884447  1.1911406  -1.45714445  0.7192962   0.4039869
  1.01141826 -2.51763546  0.68796035  0.26417085 -0.04711516  1.79001726
 -2.18977948  0.41283468  1.13383809 -1.68479521];[[ 0.53692408  0.57914272 -1.92195615  1.0881817  -1.18803726  1.40540268
   0.60469602  0.18742141  1.30930347  0.92503089 -1.65770005 -1.34507791
  -0.0392646  -1.05545692  1.69302148 -0.95338417]
 [-0.1130833   0.37259156  2.47444769  0.99910156 -0.682157    0.58564287
   1.10127033  1.00780162 -1.02529826  1.95697296 -0.9650748   0.6005575
  -0.82729153  0.17712348 -0.43040714 -1.09119607]
 [-2.60676713  1.14171399 -0.71531833  0.07664901  1.96928043  0.96949471
  -3.07560024 -1.08777835 -1.97750877 -0.94242918 -0.32048422  2.52638865
   1.13969626 -0.03958186  0.69011158  0.56566248]
 [-2.04928988 -1.44470077  0.50106339  0.24799367  0.18172038  1.40889303
  -0.27014338 -0.23463931 -0.0326255  -1.6250071  -1.23645697  1.38198394
  -0.20944035 -0.34839086  0.26865848 -1.66772225]
 [-0.17067358 -0.45187635  0.2336677  -1.84178246 -0.7922258  -0.33446429
  -0.58013414  1.30433905 -0.74204039  3.34595727  0.86910555 -0.61136491
   0.65448674  0.30971518 -0.20775554  0.90108112]];[-1.02863399  0.16979968  0.11310924 -0.04202365  0.58201866]"
4,1.8353187478862096,"2.0,1.0,3.0,3.0,2.0|0.0,1.0,3.0,1.0,3.0|4.0,3.0,2.0,3.0,2.0|4.0,2.0,4.0,0.0,1.0|4.0,0.0,0.0,2.0,4.0","[[ 1.28456251  0.73922264 -1.311848   ...  0.5891295  -2.0279666
  -0.63158223]
 [ 0.24652683  0.16217219  0.92922726 ... -1.08655214  1.43148843
  -0.28458215]
 [-0.03689246 -0.87283066 -1.00770989 ...  0.82600148 -1.10305145
   0.37142945]
 ...
 [ 0.45015915 -1.38162779 -1.08618667 ...  0.98331239 -0.38266837
  -0.75139341]
 [ 0.56850355 -0.71004871 -0.54730033 ...  0.30591261 -0.94920616
  -0.00771461]
 [-2.14107907  0.3629253   0.21769432 ...  0.37487224 -0.27947604
   0.50236861]];[ 0.23563659 -0.77423194  0.19901327 -0.36374077  1.05371839 -0.97428194
  0.06402741 -0.81204876 -1.37132471 -1.20065817 -0.9093107   0.06236812
 -0.436406   -0.60719775 -1.16916542 -1.727817  ];[[-0.15474992  2.60799694 -0.30159131  0.75255414  0.31032354  1.56840132
  -2.06153738  0.89811806  0.39741959  0.92171821  0.70155559  1.75490217
   1.17520858 -0.79383164  0.52697064 -0.58059665]
 [ 0.02903146  0.47034357 -1.76173201 -1.44941624 -1.15589116  0.37110759
   0.6651306  -2.35648697  0.64906296 -1.08049233 -1.12040839  0.21118019
   1.11838319  0.51526392  0.71794454  0.93836263]
 [-0.42044444  0.53065761 -1.08035811  1.07791906  0.43852491  0.643658
  -1.82730743 -1.73868191 -1.9290977   0.42818084  0.67848112 -1.27002899
   0.71982147  0.45937474 -1.23342121 -1.24515521]
 [ 0.82304036  1.40584847 -1.66801604 -0.96406917 -0.60836545  1.36752161
   1.11343877 -0.85707546 -1.25611131  0.51958017  0.126239    1.08038878
  -0.67417905  0.03611666 -0.72568788 -0.77349708]
 [-0.83638665  0.09753948  0.35540499  1.39602138  0.61646656  0.29446013
   0.76129426  2.60505205 -0.84787779 -0.63847503  0.50153026 -0.26655587
   1.12343568 -0.12149863 -1.95337369 -1.29486484]
 [ 1.17058639  0.98017226 -0.19858789  0.63744762  0.14091802 -1.70022853
  -1.48135377  0.76837559 -0.64993014  0.71013816  2.04219972 -0.02954361
  -2.48812042 -0.15892295 -0.39966144  1.2342729 ]
 [ 0.75929421  0.11617898  0.2231539   1.33215766  0.37844336  0.09447596
  -0.60560915  0.20920241  0.03069082 -0.86470419 -0.46900831 -1.60318429
   0.65370875 -0.50872259 -0.58743881 -1.01191929]
 [-0.7575992  -1.22872025  0.27530344  0.70735499  0.25527172 -1.39227891
   0.22381997 -1.41221377 -1.27282687  0.79302298 -0.84001903  0.56864246
  -1.16709283  0.09291925 -1.84352831 -0.21331921]
 [-0.03930703 -2.28306853 -0.53116049  0.10798513  0.69608685 -0.02370443
   1.22849226  0.35794731  1.27511342  0.68453135 -0.78771081  1.23962721
  -0.32954274 -0.2354523  -0.09729809 -0.10146587]
 [-0.86024269  0.59550017 -2.48173979  0.11540388 -2.14111631  1.4553382
  -0.72464256  0.97750761  1.26791674  0.45901009 -2.61380381  0.59401455
  -0.64311745  0.49193527  0.01041549 -0.05479745]
 [ 0.63915751 -0.9097819  -0.19432297 -0.28415715  0.6845793   0.05966621
  -0.22174136 -1.1338683  -1.17853321 -0.30461748  2.18715197 -0.25440228
  -0.37924837 -2.23671199 -1.16861434 -1.112717  ]];[-0.28861809  0.75334508 -1.15723292  0.77588259  0.09027519 -0.9010497
  1.20284929  0.32605855  0.51352803  1.96908084  0.24524563]"
5,1.8373452662015664,"2.0,1.0,3.0,3.0,2.0|1.0,1.0,2.0,1.0,3.0|4.0,3.0,1.0,4.0,2.0|4.0,2.0,3.0,0.0,1.0|4.0,0.0,0.0,2.0,4.0","[[ 0.3443488   1.2859343   0.68716489 ... -0.48372997 -1.2001774
  -0.60019427]
 [ 1.26806906 -0.15063179 -0.2800709  ...  0.37108448 -0.91955254
  -1.53911738]
 [-0.45152904  0.36096848  0.4166173  ...  0.59020823 -0.15468144
   0.11395353]
 ...
 [-0.14910056  1.06289983  0.20642614 ... -0.17483161 -1.76487083
  -0.16156735]
 [-0.56889351 -0.77945243  1.04859057 ...  0.2795822  -0.05901226
  -0.63324872]
 [-0.75426507 -0.11207622 -0.33176146 ...  0.78493701  0.75781408
  -0.10083815]];[ 0.29028164  0.35328972  0.45878952  0.09926029 -0.92726842  1.4622003
 -1.4795962  -0.90611386 -0.06796588  0.11151786 -1.36375869 -1.45783575
  1.07726152  1.12069212  0.91881029  0.64513062];[[ 2.12113077 -0.9146835  -0.91998691  2.0436331  -0.83461208  0.52119726
  -2.53497903  0.40998761  1.05766625 -0.62745133 -0.3023019  -0.94353831
  -0.49815197  0.14661698  1.24112477  0.43779785]
 [-1.02663823 -0.02765782  0.93385937  1.93164188  1.37844372 -0.41962864
  -0.2882695   1.10958462 -0.52916993  1.21268258  2.45329652  0.39320751
   0.46842992  0.51781649  1.12254487  0.31346222]
 [ 0.71298233  1.32598088 -0.91587515 -0.35294576  0.1065323   0.13613463
  -0.34583414 -0.22830106  1.07033143  1.13211317 -0.26633038 -0.1410242
   0.57819555  0.24296659  0.28706865  0.61938974]
 [-1.97969864  0.94676654 -0.5845705  -0.67094768 -0.16639141 -0.71318044
  -0.96178472 -0.23644989 -0.31680597  1.22389798 -1.53159642  1.05559219
  -1.63311018 -1.85811071 -1.65757034 -0.85429588]
 [-1.42843431  1.066364    1.23235835  0.61753005 -0.99894419 -1.74845855
   1.10944411 -1.44539918  0.31481893  1.06130918 -1.88145359 -1.37549584
  -0.66400688  0.83670436 -1.1332662  -1.38818664]
 [-0.39145447 -0.15278606 -0.94255273 -0.48613569  0.52876203 -0.73244583
  -2.25428556 -1.47570154 -1.23404504 -1.05877648  0.94152523  1.19222139
  -1.64008654  0.04663854  1.75299959 -0.15190857]
 [-0.99107969  0.41434431  0.49653321 -1.75826408  0.65272893  0.4542244
   0.63713759 -1.20592291 -0.95153666 -1.96041611  1.43081634  0.07618011
  -0.22190485  1.58679087  0.81289667 -1.08283343]
 [ 0.67939688  0.71525762 -0.71185838  0.56143958  1.22462856 -0.91732476
  -1.66870715  1.24392435  0.72879233  1.11289184  1.90103134 -1.39596614
  -0.72187361  2.32520788  0.44304205 -2.49255067]
 [ 0.66783626  0.44463224 -0.57307952  0.82343308 -1.21929582  0.18893011
   1.27864456  0.8664622  -0.81553644  0.63366046 -1.137243    0.0784123
   0.4688327   1.0497994  -0.09967028  0.22802112]
 [-0.22851053  0.12634599 -1.0361976  -0.13861527 -0.22952065  1.60378144
   2.72681573 -0.4793716   0.18884959  0.20223227  1.18431559 -1.90289623
  -0.60892162  1.51659737 -0.15988295 -1.79152458]];[-1.18931766  1.52049337 -1.13937569  0.25826028  1.31496056  0.3323229
  0.55851774 -0.35753721  1.06570915  0.51317971]"
6,1.882993770383304,"0.0,0.0,2.0,0.0,3.0|0.0,4.0,3.0,2.0,4.0|0.0,2.0,3.0,4.0,2.0|3.0,2.0,0.0,2.0,3.0|0.0,0.0,2.0,2.0,2.0","[[-0.8549973   0.93763446  0.24829509 ... -0.72921678 -1.11292226
  -0.23042368]
 [ 1.46131664  0.30920109 -0.49963023 ... -1.44265481  0.26849304
   0.72372589]
 [ 0.24429501 -0.66609818 -1.19081696 ...  0.15434524 -0.13101713
  -0.32650223]
 ...
 [-1.90119951 -0.83372205  0.61974424 ...  1.69265152 -3.02202047
  -0.2821395 ]
 [-1.33074628  1.03393623  1.13461234 ... -0.18824547 -1.16192988
   0.70823607]
 [ 0.641566   -0.37095414  1.00007381 ... -0.5190023  -0.96667594
   1.07861452]];[ 1.84356313 -0.48785836  0.19698653 -2.34181132  1.40408775 -0.49577778
 -0.3333033  -0.82144563  0.58028585  0.41062728  0.60534418 -0.27531489
  0.44008233 -0.16436153  0.45315372 -0.10849019];[[ 2.25918857 -0.42023691  1.62229662  1.24260134 -1.14687563 -0.99784493
   1.50614262  0.5807977  -1.73675345 -0.18845774 -0.43436525 -1.15371356
  -0.48873322  0.16518649 -0.24225332  1.09077089]
 [-1.06842494 -0.55916698 -0.55098261 -0.16922729  0.60881796  2.10561187
   0.7795419  -0.47288082 -0.69863495 -0.28854523  0.62871084  0.56411921
   0.1250142   0.6133773  -0.22487965 -1.06235148]
 [-0.15910256  0.4178143  -0.21722946  0.84671429  0.21168435  1.2410599
   2.83327691 -0.67621436  0.7518829   0.44723598 -0.7437719  -0.93421862
   0.06623288  0.1469201   0.28269523  1.1341106 ]
 [-1.26708296  1.6945787  -0.38969338 -0.56826359 -0.34753921  0.19700537
   1.32873298  1.25633201 -0.49546948  1.56364286 -1.09914768  1.58965646
  -0.54349263 -1.01086818  0.7115392   1.47846491]
 [ 0.25833116 -2.01347261 -0.68588886  0.53602131  0.83834355  0.23471638
   0.84396713  1.25103391  0.88697664 -0.2354545  -1.75849902 -0.18271272
   1.47146286  1.06273363 -0.63759735 -0.66595934]
 [ 0.8767311  -0.56896926 -1.46535031 -0.97022141  1.49730407 -1.3358034
  -0.15856316 -0.95753968  0.19772067  1.31320261  0.68017504 -1.42366588
   0.34796817  0.03044413  0.34597144 -0.76480597]
 [-0.82594604  0.12455449 -0.82422955  0.03807323 -1.09320413  0.43914278
  -0.26728869 -0.08239074  0.00727025  0.16305355 -0.57740671 -0.49139865
   0.98536146  0.28825751  0.56046656 -0.7126188 ]
 [-0.51940406  0.26046988 -1.15564501 -1.6948478  -0.61272068 -0.51605529
  -0.15192683  0.12450177 -0.68819256 -0.6231371   0.04815501  1.42452436
   0.36425     0.4376227   1.64184273 -1.1682531 ]];[-0.72846425  0.58994475  0.5823362  -0.28996244 -1.42009396  0.1681971
 -0.04488566 -0.94666529]"
7,1.7303043924634183,"0.0,0.0,2.0,0.0,3.0|0.0,4.0,3.0,2.0,4.0|0.0,2.0,3.0,4.0,2.0|3.0,2.0,0.0,2.0,3.0|0.0,0.0,2.0,2.0,2.0","[[-0.82121184  0.76848665  0.27859525 ... -0.48125221 -1.08287293
  -0.1484281 ]
 [ 1.43886744  0.38372846 -0.55019171 ... -1.60661695  0.29398571
   0.57196123]
 [ 0.16321397 -0.50562428 -1.20157029 ...  0.1561613  -0.09351579
  -0.22625301]
 ...
 [-1.80688901 -0.77465134  0.64031611 ...  1.49927469 -2.96641148
  -0.33143171]
 [-1.30026556  1.0928792   1.10174643 ... -0.11986994 -0.99823846
   0.68145072]
 [ 0.73075175 -0.33780591  1.13756811 ... -0.5429604  -0.85998465
   0.88690354]];[ 1.86032155 -0.41378553  0.12128645 -2.4173873   1.30616777 -0.53838573
 -0.33881315 -0.76044444  0.68186343  0.29101781  0.55095727 -0.41930021
  0.49532194 -0.26144986  0.40808281  0.06729953];[[ 2.07285543 -0.3182856   1.50594706  1.27524008 -1.08123042 -0.98154192
   1.47582764  0.59652646 -1.56128827 -0.21324971 -0.25873908 -1.13248735
  -0.42050299  0.19749318 -0.13228057  1.19864033]
 [-1.13126655 -0.50024562 -0.46068845 -0.25828744  0.79931306  2.00828759
   0.86788139 -0.49390934 -0.83622731 -0.27374796  0.69279711  0.54469741
   0.19063569  0.53446388 -0.26191434 -0.85063239]
 [-0.13214245  0.34951772 -0.20651442  0.77951398  0.33596797  1.12485468
   2.93552255 -0.85526363  0.61836286  0.53000307 -0.75872834 -0.89423271
  -0.028804    0.24243317  0.31235116  1.10354799]
 [-1.23352994  1.73635025 -0.36749294 -0.52275054 -0.50006988  0.30391041
   1.39329703  1.19149511 -0.46760953  1.50234803 -0.95520519  1.57314732
  -0.52386443 -1.04713179  0.71559734  1.24405022]
 [ 0.17685616 -2.1664079  -0.88088175  0.53168537  0.65046348  0.2088892
   0.94444999  1.34296779  0.7721967  -0.16836064 -1.65233406 -0.21252605
   1.54289783  1.10282598 -0.55042236 -0.77864962]
 [ 0.82001957 -0.56426834 -1.42927803 -1.07056826  1.48984628 -1.27403657
  -0.24181778 -0.97545874  0.20545888  1.33528995  0.53190547 -1.4176479
   0.4035558   0.01621865  0.31468567 -0.6798296 ]
 [-0.92767668  0.09047403 -0.85538452  0.17327747 -1.08635483  0.63378117
  -0.35538184 -0.13859426 -0.0630409   0.25979631 -0.59308874 -0.36155806
   0.93126366  0.49863396  0.52103935 -0.79229569]
 [-0.36302705  0.48822634 -1.27351096 -1.45695801 -0.7214523  -0.4365095
  -0.26125293  0.18259004 -0.70201175 -0.54256284 -0.006341    1.32868744
   0.54149025  0.30414022  1.52942918 -1.18191121]];[-0.74330403  0.63163656  0.53201931 -0.27615566 -1.35235971  0.19584542
  0.17747158 -0.93143827]"
8,1.514641358363772,"0.0,3.0,0.0,0.0,3.0|0.0,1.0,0.0,2.0,4.0|0.0,2.0,3.0,4.0,2.0|0.0,2.0,0.0,4.0,3.0|0.0,0.0,4.0,1.0,0.0","[[ 2.18567948  0.71873497 -0.25137051 ... -1.61198845  0.05014426
   0.5669838 ]
 [-0.52693683 -0.50243596 -0.91458313 ... -0.03529149  1.61971104
   2.54032437]
 [-0.12644299  0.34739481  0.46761088 ... -0.11369162 -0.08746262
   1.55049051]
 ...
 [ 0.08865802  1.91245791 -0.80273558 ...  0.15528118  2.16570202
  -1.46413098]
 [ 0.17608062 -0.49616406 -1.25054128 ... -0.52901794  0.14305187
   0.35946872]
 [-0.79778554  0.83242632  1.16124256 ...  0.77722925  0.66197574
   0.68308595]];[ 1.58475842e+00  2.12486831e+00 -1.99287959e-01  2.44197035e+00
 -2.66591731e-02  2.36109124e+00 -9.29945282e-01 -1.24847937e+00
 -1.03616281e+00  5.29581300e-01  2.11146529e-03  1.06088017e-01
  2.23306958e-01 -1.02768216e+00  4.89028461e-03 -8.49231611e-01];[[ 2.14936719  0.97137784  1.24165411  0.07138954 -0.97735891  1.27542878
  -0.38289744  0.39398509  0.73471588  0.21329177 -0.70151387 -1.63385996
  -0.25783757 -0.24491535  0.20608923  1.20132397]
 [-1.87388963  0.73547233 -0.29475523  0.34198226 -0.3342051  -0.40649447
   0.37336153 -1.07418925  1.77377504  0.23868438 -0.26637815  1.91142029
   0.19962826 -1.11721067  1.08849879 -0.16757919]
 [ 0.00869629 -1.40804859  0.17248262  0.33013513  0.45384078 -0.41094548
   1.17724849 -0.19011157  1.92355501 -0.43771083 -0.33374239  0.3288548
   2.09576891  2.62824621  0.6016672  -0.25286416]
 [-1.25041649 -0.21690716  0.88043558  0.5330792  -1.45915623 -0.69497527
   1.4104508   0.36453071  1.13857061  0.16517808 -0.26597069 -0.96717536
   0.26381576  1.22170486  0.59881032  1.18890768]
 [-1.2621081   0.34076889  1.85892415  0.07950883 -0.48242562 -1.82278931
   1.03198434  1.19911679 -0.76307619  2.40287836  1.03153181  1.42315541
   0.63986023 -2.62712461  1.108709   -1.00484966]
 [ 0.66919978 -0.29574733 -2.23108643  1.52715218  0.19517401 -1.5499301
   1.79591132  0.39310174 -1.87391959  0.86551519 -0.66226824  0.3163434
  -1.24384186  0.80888565 -0.44581738  0.0148169 ]
 [ 0.52535275  0.13865815  0.28257376  0.60557444 -1.62150154 -0.41238357
   0.00783029  1.15738354 -0.88799437  0.04433429  0.7257144   2.05475613
   0.6944011  -0.66231498  0.56083539  0.21886042]
 [ 0.78197948 -0.93567512  0.2412652  -1.5989061   0.53799889  0.98062372
  -1.26134998  1.5464457  -0.56781302 -0.89737571 -2.69391434 -0.19870374
  -0.42612222  0.66105695 -0.1365837   0.13732378]];[ 0.68716412 -1.07799402 -0.2879461   0.36743398 -0.8942776  -2.66012201
  0.87235294  0.92920183]"
9,1.511206925946957,"1.0,1.0,3.0,1.0,3.0|0.0,2.0,0.0,4.0,0.0|0.0,3.0,4.0,1.0,4.0|2.0,3.0,1.0,4.0,2.0|3.0,1.0,0.0,0.0,0.0","[[-0.21105036  1.54463019  1.96545543 ...  0.32845349  0.1636471
   0.33828557]
 [ 3.46383807  1.86782227  0.81317459 ... -1.34599029 -0.30553632
  -0.01428797]
 [ 0.52527909  0.42390246 -0.24242453 ...  0.19776895 -1.28729195
   0.46709882]
 ...
 [-0.79485475  1.15115638 -0.6611073  ... -1.41178925  0.72431002
   1.40766933]
 [-0.6334869  -1.10121647 -0.91742462 ... -0.33757479 -1.16025011
  -0.21280803]
 [ 1.80449041 -0.03188589 -0.70878269 ... -0.52532086  1.67618509
  -0.2570605 ]];[-0.057524   -0.81689698 -0.73464782  0.35300463 -0.86504905  1.84969071
  0.35702115 -0.07878733 -2.03054504 -0.84319765 -0.79372426  0.20406897
  0.25767392 -1.80522637 -0.84199375  0.26062007];[[-0.58576373  0.92948947 -0.01247247 -0.76705241 -1.0559209  -1.55217604
  -1.41482481  0.46793919 -0.17305658 -0.56848836  1.26537427 -1.59172255
  -0.2490573   2.27712223  1.5048512   0.43783624]
 [-1.48255638  1.55588699 -0.34540022  0.51312303 -0.24742072  0.99264784
   0.78182681 -0.20638629 -0.17554467  1.25744232  0.13309232  0.65281464
   0.02389702 -1.58770723 -1.24489327 -0.81258424]
 [-1.56498546  0.61202286  1.31356762 -1.19798509  0.85980121 -1.11970717
  -1.9702407   0.10407689  0.54152618 -0.36183967  1.06211367 -1.88955899
  -0.80220315  1.2569736   0.750809    0.04346595]
 [ 0.72176249  0.57972575  0.11164167  2.10411578 -2.3537355   1.27357428
   0.33250956 -0.76818545 -0.87980563  0.86397886  3.05628029  0.61036498
   0.05123632  0.24299039  0.0238413  -0.52962994]
 [ 0.26602186 -0.28067283  0.97235226  0.62278856 -1.41588931  1.09991349
  -1.19723307  1.78161151  1.48752676  1.0719933  -1.58030663 -1.58281306
   1.34178369 -1.14311344  0.53363329 -2.65843841]
 [-1.00915315  0.33878967 -0.66285309 -1.37654449  0.48374328  1.18473336
   1.71364533  1.20361364  0.56601978 -0.04219609  0.85192315 -0.45093196
  -0.63403545 -0.2054067  -0.94689538 -1.20375414]
 [-0.18667597  0.30777842  0.22399949  1.4701805   0.69162871 -0.36211871
   0.1691418   0.74657485  0.26312036  0.91026625  0.40996169 -0.52524284
   0.7254042  -0.42405605 -0.93267862 -1.43276485]
 [ 0.46909301  0.07436203  0.68778613  0.41952526 -1.09338107  2.84133448
  -0.53786078  1.89339992 -0.94055319 -1.10543918  0.58762744  1.35049985
   0.85739962 -1.86013307 -0.1341705  -0.72660007]
 [-0.80188486 -0.48975022 -0.14429206  1.37961645  1.07496211 -0.50803488
   0.34288924  0.25135449 -0.35353859 -1.57042393 -0.53420228 -0.96215649
  -0.26509092 -0.27130996 -0.73191266 -0.50118627]];[-0.91732135  0.55078426  0.36765996 -0.03309873  0.83760608  0.91958066
  0.32172935  0.1638751   0.84679173]"
10,-0.0005855027389219392,"4.0,0.0,3.0,0.0,3.0|4.0,4.0,3.0,2.0,4.0|0.0,2.0,3.0,4.0,2.0|3.0,2.0,0.0,2.0,3.0|2.0,0.0,1.0,2.0,2.0","[[-3.2685745  -0.86609755 -2.04751976 ...  0.65824     0.38848199
  -0.24607707]
 [ 1.92226001  0.35227553  0.20800089 ... -0.62049335 -1.00189363
   0.87695   ]
 [-0.8921656   1.84987773 -0.33007976 ...  1.29842817 -1.17936103
   1.63682969]
 ...
 [-2.01491379 -0.86549002  0.67401405 ...  0.359186    0.02825791
  -0.59408384]
 [-0.76633687 -0.16084069 -0.86533039 ... -0.95314088 -0.39235925
  -0.50528162]
 [ 1.26058308  1.8644873   0.35850071 ...  0.15633301  0.40205908
   0.29871525]];[-0.03400169  0.81797639  0.09147738  0.34521989  0.08974011  0.34949237
 -0.49545588  0.86983954  0.79352074  0.27058439  0.52788964  0.4117901
  0.31753187 -0.72639294 -0.32291599 -0.41673256];[[-0.48981588 -1.38744163 -1.81153251  1.12284055 -0.41852853  0.75289495
  -1.10352627 -0.0292486  -1.62015146 -0.56401253 -0.76279177  0.99493568
  -1.58712724 -1.40297277 -0.43238054  0.15105816]
 [-0.53583398  0.01304118  0.47999053 -1.39146861  0.64351997  0.64536658
  -2.37345418  1.95210007  1.55356809  0.4222751  -0.99694026 -1.1732596
   0.26702876 -3.48512092 -0.24431855  1.14272113]
 [-2.41898504  0.85772836  1.79982982  0.93124937  0.1304808   0.99632862
  -0.89475032 -0.13865622  1.2500303  -0.27919839  0.47142803 -1.23627124
  -1.48639015  1.43224937  1.0185699   0.6388458 ]
 [-0.19940234 -0.19695217 -0.28223777  1.1561082   0.76510639  1.17727468
   0.30684739 -0.75040935  0.2990302  -0.06958315 -0.86556597  0.73387835
  -1.26692715  1.3120592  -1.43558441 -0.39731942]
 [-0.46867991  0.03924656  1.01017056  0.45992214 -1.27093703  0.32487356
   0.06505454 -0.30132664 -0.44636449  1.27433296 -0.37173072 -0.39446936
  -0.88219669 -1.38308111  0.52555972 -0.37222659]
 [ 0.89760347  0.56437494 -0.18487637 -0.96305169 -0.66818719  0.79628446
  -1.16454658  0.66874638  0.87341446 -0.34606881 -0.59260035  1.35513466
  -0.12155244  1.13958483 -0.47840658  0.16468999]
 [ 0.37219904 -0.99488286 -0.92396858  1.07228584  1.2578721  -0.59149106
   0.85639754 -1.13664511 -0.00924994 -1.58269541 -0.38552539 -0.63927066
   0.03447063 -0.16922607 -1.04283602 -0.39864032]
 [-0.09348257  0.30095468  0.82756013 -0.67756443 -1.47309815 -2.78285326
   0.6622774  -1.93202364  2.16798045  1.20520332  0.12651182  0.14131312
   0.6792315  -0.61934415  2.24535855  0.45404837]
 [-0.94737656  0.05256629  0.65364369  0.99005266  1.1296553  -0.4316365
  -0.16861867 -1.02530022 -1.34773914  0.07148731  1.9009677   1.54699112
  -1.36398355  1.07453756 -1.6650227   1.29197555]
 [ 1.08770922 -1.26708169  0.21046596  0.9379013  -0.44158293  1.13517939
   1.2061458   0.48811615 -1.16755015 -0.65688547 -0.21605764 -0.70919755
  -0.12790627  1.3824319   0.14236678  0.89065959]
 [-0.14275904  0.88585457  0.20546706 -0.72286713  1.47151318  1.38212948
  -1.26834019  0.84360214 -1.38158673  1.7192087   0.16879405  0.20203377
  -1.27980637  1.32851649  0.83026607  1.07814201]];[ 1.60606468  0.10434673  1.56329323  0.67846878  0.52771908 -0.84527435
  1.39846124 -1.80815108 -0.21789087  0.14642695 -2.05536872]"
11,0.03718624716878072,"0.0,0.0,0.0,4.0,0.0|0.0,1.0,0.0,2.0,1.0|0.0,3.0,3.0,4.0,2.0|0.0,1.0,0.0,4.0,1.0|0.0,0.0,2.0,1.0,0.0","[[-1.44587896 -0.68727158  1.62635689 ...  0.926076   -0.76399174
  -0.51874378]
 [ 0.57761574 -0.51935365  0.88379793 ... -0.34971469 -1.2177603
   0.33305982]
 [-0.47872321  0.03791979  1.60862862 ... -0.28159579 -2.0880212
   0.53717367]
 ...
 [ 0.7567763   0.73761103 -0.64218465 ...  0.40512321  0.37340091
  -1.24223581]
 [-1.23569139 -0.54904327  0.42591267 ... -1.15352975 -0.17477968
   0.34045098]
 [ 1.65215833  0.80823462  0.08918905 ... -0.0258576   1.36223387
  -0.10064891]];[-0.1811608   0.29574902  1.36495479  0.39135157  0.0912057   0.02517652
  0.6692172   0.59123532  0.5082893  -1.00032487 -0.23853214 -0.37647406
  1.0373001  -0.54011792 -0.44075177 -1.10787036];[[-0.02969914  0.17748972 -0.22550307 -1.01683031  1.62189671  1.57803867
   0.66785557  0.86602774  0.04192908 -0.52524946 -0.79054481 -1.36675238
  -0.07955675 -0.25288621 -1.02441672  1.94576242]
 [ 0.39472385 -0.68475606 -1.90977302  0.68207946 -1.60584471 -1.27583428
   1.35189632  0.61584136 -0.36414515  0.83411645  1.53170234 -0.85635249
  -0.33753079 -0.0852609  -0.86064957 -1.12012039]
 [ 0.15503989 -2.68957243  0.12642955  0.44033793 -2.01280096  0.18453137
  -0.21660005  0.23348825  0.28644818 -0.48355579 -0.37223344  1.07133163
  -1.21447198 -0.47747335  1.49141086 -0.13607916]
 [ 0.15616802 -1.06570896  0.62717264  0.619416   -0.86714425 -1.11061784
  -0.77307294  0.42466536 -0.45054209  0.45597623 -0.83624453  1.44688167
   1.17835648  1.99044492 -0.55784085 -1.29953411]
 [-1.65873361 -1.7795294   0.17845425  0.06492745 -1.27861617 -1.29702583
  -0.70722815 -0.69353831 -0.66782001  1.30027185 -0.65723101 -0.22070252
  -0.8204099   1.716259    0.3661207  -1.11298653]];[-2.19303255 -0.61814386  1.93381035 -1.23425843 -0.67873348]"
12,0.19544378167824855,"0.0,0.0,0.0,2.0,1.0|3.0,1.0,0.0,2.0,1.0|0.0,2.0,3.0,4.0,2.0|3.0,2.0,0.0,4.0,3.0|0.0,1.0,2.0,1.0,4.0","[[-1.83373622  0.12108401 -1.09102765 ...  0.3464683  -0.79967837
  -0.67408685]
 [-0.15801698  1.30472188 -1.240802   ... -1.41796325 -1.21970568
   0.70974808]
 [-1.97679909  1.22470169  0.68925216 ...  0.69900307 -0.64625186
   2.00475283]
 ...
 [-0.15695199  0.63665434  0.41053328 ... -1.65237933 -0.32486373
  -1.61946962]
 [ 1.11679864  1.30160556  0.1178022  ... -0.09820933 -0.12226009
  -1.84199733]
 [ 0.15998496 -0.64934183 -1.37774351 ... -0.42448143 -0.42207145
   1.17324289]];[-1.44512865  0.54168342  0.89076787  0.96215815 -0.91919126 -1.95649715
 -1.433462   -0.70267232 -0.51372861  0.23475452 -0.15413051 -0.73397748
  0.48440688  0.91914741  0.39181559 -0.59183027];[[ 1.05576580e+00 -1.51299705e+00 -1.59884923e-01  7.25786889e-01
   3.28720403e-01  1.01007516e+00 -5.27308284e-01  3.84517912e-02
   3.96039160e-01 -8.79000694e-01  6.52625530e-01  1.58537885e+00
  -5.76872177e-01  2.93097095e-01 -3.78657931e-01 -7.54278513e-02]
 [-8.45567300e-01  1.02566126e+00  3.13430391e-01  4.18064864e-01
  -2.53572587e+00  1.55818037e-01  1.60448395e+00  9.22468368e-02
  -2.02527270e+00 -7.54748741e-02 -1.31651620e+00  4.78968896e-01
   1.05169161e+00  3.93810766e-01  7.87399686e-01 -5.74646023e-01]
 [-2.53669985e+00 -9.53375155e-01 -3.91023874e-01 -7.04948870e-01
  -1.46707992e+00 -1.38396209e+00 -3.47178307e-01 -7.82421165e-01
  -4.01092785e-01 -9.97126224e-01 -1.98378391e+00 -1.87192668e-01
  -1.27290942e+00  2.48324617e-01  1.49565446e+00 -1.36871927e+00]
 [-5.24139614e-01  1.68151359e+00  6.78536631e-01  7.35746035e-01
  -1.01327769e+00 -9.92023021e-01  4.02871878e-01  6.20949556e-01
   5.28954430e-01  1.31696659e+00 -3.53944405e-01 -3.78344369e-02
  -4.44993569e-01 -1.59584638e+00 -2.68440157e-01 -3.99378265e-01]
 [-8.96905539e-01 -6.16436764e-01 -1.87694753e-03 -1.19733619e+00
  -1.31328114e-01 -6.61195644e-01 -3.15101648e-01  1.44313352e+00
  -1.32948822e-01  3.03956265e-02 -2.01436183e+00 -6.94903024e-01
   4.97827759e-01 -3.22483237e-01  1.10347118e+00  9.01443265e-01]
 [ 1.92014422e+00 -2.28312002e-01 -1.46108286e+00  5.13474622e-01
   1.30709494e+00  6.64112485e-02 -2.12754200e-01  7.47184462e-01
   6.58689627e-01  1.22708751e+00  1.40323576e+00 -2.35911866e-01
   6.01536318e-01  6.25665486e-01 -3.67601156e-01  6.83576007e-01]
 [ 1.08719179e+00 -2.71164005e-01 -1.42742633e-01  1.93916524e-01
  -8.45632448e-01  1.14767909e+00  1.01065386e-01  2.41880776e-01
  -1.02501355e-01 -5.32438206e-01 -2.45263452e+00  7.47939180e-01
   3.54964840e-01  5.09895938e-01  4.28305953e-02  3.91327413e-01]];[ 1.25056529 -0.42004914 -2.02078248 -1.2343221  -0.76972113  0.90562089
  1.76094389]"
13,-0.07355822063087092,"0.0,0.0,0.0,0.0,0.0|0.0,1.0,0.0,0.0,1.0|1.0,2.0,3.0,3.0,2.0|0.0,2.0,0.0,4.0,0.0|0.0,0.0,2.0,1.0,1.0","[[ 0.75783403 -0.71458297  0.8700918  ...  0.11788875  0.1657718
  -0.29687146]
 [-0.10309809  1.98146001  0.00287232 ...  0.70692861 -1.14558818
  -0.80469246]
 [ 0.31452151 -1.23261253  1.26848103 ... -2.32852158  0.57085909
  -0.73722403]
 ...
 [-0.99185745  1.62096084 -0.59142381 ...  0.68578209 -0.48912429
   0.71668548]
 [-1.36887402 -1.96888527  1.1065565  ...  1.93183248  0.84965285
   0.29421262]
 [ 1.3402465   0.37164     1.16792496 ...  0.18385628  0.54781336
   1.80031134]];[-1.43202638 -1.47812424 -1.00321842  1.373401    1.17767506  1.48016149
  0.50251958 -0.91498403  2.60885183 -0.2464726  -1.07251738 -0.50780582
  1.11901636 -0.23329044  0.5397127   1.26975987];[[-1.02204828  2.06909281  0.18020838 -0.30914702  0.89073066  0.38453275
   1.75888591  1.87257556 -0.31259295 -0.155597   -0.48859405  0.23543977
   0.01480257 -0.18810335 -2.20742452 -1.64934126]
 [ 1.5176398  -0.38824675  0.6204722   0.41205679 -0.11619736 -1.22171399
   0.63374498  1.56347673 -0.38123687  0.96714335 -0.46730079  1.55034707
  -0.04749894 -1.98947897  0.56787326  0.62225734]
 [-0.24564989  0.81821188 -0.59554432 -1.00108197  0.87626514 -0.26344886
  -2.45537527  0.98639931  2.71245009  0.71301491  0.89727248  1.31172438
  -1.71225982 -1.06612612 -0.70302068  0.02223599]];[ 1.33093235 -1.57583977  0.76709318]"
14,0.01390617939432054,"0.0,0.0,0.0,0.0,0.0|0.0,1.0,1.0,2.0,1.0|2.0,2.0,3.0,4.0,2.0|0.0,2.0,0.0,4.0,3.0|0.0,3.0,2.0,0.0,1.0","[[-0.20930942 -0.04112702  0.56251448 ...  0.06302698  1.31494885
  -1.95120406]
 [-2.67722091 -1.66345651 -0.90323158 ...  0.2405179   2.06650859
   0.93394261]
 [-1.35940167 -0.71495535  1.21251909 ...  0.36099698  0.1145737
  -0.94787858]
 ...
 [ 0.57572931 -0.31420208 -0.20437669 ... -0.01452407  0.59892475
   0.81939264]
 [-0.58092227 -0.65321893  1.1949597  ...  0.00593502 -1.63576528
  -1.68872533]
 [-1.23616536 -1.60361364  1.80735572 ...  0.09684707 -1.49829484
  -0.68935934]];[-1.77870971  0.14500765  0.78819603 -0.30473278  1.13308277 -1.07013989
 -0.81590229  0.22293665 -0.25222248 -0.78200953 -1.00363671  0.44871597
 -1.20039249  1.80667503 -1.8514389   0.30284002];[[-0.06765754 -0.0481299  -0.27675439 -1.7890125   0.59379801 -1.1467829
   2.38011093 -0.22125144 -0.59168331  0.59479282  1.30629821 -1.03750171
   0.13904536 -0.10012375 -1.03130182  0.21936551]
 [-0.10370758 -0.13130827 -0.03464849  0.530404   -1.28019093  1.40206944
   0.90440544 -1.9612426  -1.14765904 -0.27888137 -0.41757555  0.88726871
   0.04267186  0.08294666 -1.78153273 -0.8552636 ]
 [-2.23755119 -0.98190208  1.18248612 -1.28653093 -0.2106452   2.10061179
  -1.75255398  0.08673046  2.13250211 -0.17947137 -0.13605851 -1.3679237
   1.80364712  2.35020935  0.22518346  1.50441567]
 [-0.07462782  0.88889972 -0.75653764  0.02292519 -0.5229381  -0.66874473
  -0.25631511 -0.54653165  0.72353726 -3.03585352 -1.1846395   1.22532034
   1.38896241 -0.96325428 -0.52535508  1.38766295]
 [ 0.20980257 -2.79063175 -1.25702903  1.86442792  1.74403919 -0.20880334
   1.03147065  2.17009672  0.43936019  0.57440161 -1.07629283 -0.9466265
  -1.53244048  0.0946873   0.7398238   0.76298184]];[0.28788733 1.21422897 0.91847806 0.89398364 1.84484911]"
15,-0.06903436093842202,"0.0,0.0,1.0,0.0,3.0|0.0,3.0,4.0,2.0,4.0|0.0,2.0,0.0,4.0,2.0|1.0,2.0,0.0,2.0,3.0|0.0,0.0,2.0,2.0,2.0","[[-1.2076416  -0.91846331 -0.02614218 ...  1.27574968 -0.12171237
  -0.55599219]
 [ 2.40266028  1.35060663 -0.65658266 ... -0.69892324  0.0686395
  -0.4648663 ]
 [-0.27910846 -1.45542205 -0.87819027 ...  0.83405832  0.32971555
   1.41591524]
 ...
 [-0.60413828  0.87232371 -0.74670494 ... -0.56263403 -0.57549657
  -0.78272301]
 [-1.6414204   1.25759651  0.61112976 ... -1.43664706 -0.93923539
   1.92260187]
 [ 0.77802872  0.02141213 -0.46185491 ...  0.89641479  0.0701968
  -1.15485412]];[ 0.15816209 -0.00346694 -0.95559251  1.25591311  0.09999099 -0.54025055
  1.33772282  0.14009635  0.40318116  1.30520347  0.70849954  1.14934296
  0.6682502   0.87365598  0.35519604 -0.11841163];[[-0.11463486  1.2628259  -0.23684595 -0.11069562  0.26517963 -0.13334033
   0.64356076 -1.04520997  0.18519872  0.47716592 -0.47057277 -0.97901218
   0.7389189   0.35441809 -2.39344809 -0.76761977]
 [ 0.85790609  0.25909999 -0.64021626  0.57975539  0.95340437 -1.29730345
  -0.46407284 -0.83059869  0.25308771 -0.73741524  0.80252253 -0.68705001
  -0.11621325  0.96660798  0.53616662  1.03133602]
 [ 1.55953553 -0.17985235  0.45992123 -0.27037691  0.3436806   1.52038122
   0.83698821 -0.45123247 -0.66327647 -1.47707261  1.55311764  0.11245173
  -0.81515137 -0.61753945 -0.71575625  0.64212355]
 [ 1.06332062 -0.76837328 -1.50499567  0.63730745  0.43114373  1.37642467
  -0.92146076 -0.08628509  1.46446146 -0.58778868 -0.15779011 -0.2856245
   0.53226772 -0.12563948 -0.40497897  0.63959407]
 [-1.80842542 -1.31104129  1.56513337  1.75290855  0.43792636 -0.74299837
  -0.91406903 -0.97934793 -1.40411579 -0.37767927 -0.33273756  0.64155558
   0.92681043 -0.52676004 -0.68686368  0.04264317]
 [-0.11846684  0.04958029 -0.51551778 -0.37479061  0.23405494  0.50426589
   1.7367131  -0.38856265 -0.06972325 -2.0645029  -1.85426075 -0.34581155
  -1.04776384  0.09726628  1.41852557 -0.68005575]];[ 0.36746177 -2.00504781  0.62797859  0.61467015 -0.56378385  0.16858714]"
16,0.1623310080438266,"1.0,1.0,3.0,1.0,1.0|2.0,2.0,0.0,4.0,0.0|0.0,2.0,2.0,1.0,3.0|2.0,3.0,1.0,4.0,2.0|3.0,1.0,0.0,0.0,0.0","[[-3.89851214e-02 -1.69738209e+00 -5.68396674e-01 ...  1.90201644e+00
  -1.98736840e-01  1.13785119e+00]
 [-6.98825401e-01 -8.83861618e-01 -2.36943695e-01 ...  1.04581864e+00
   8.95021803e-01 -9.54471688e-01]
 [ 1.06800682e+00 -2.21478532e-03  6.29760094e-01 ... -2.45314481e+00
  -1.40712726e+00 -3.01517854e-01]
 ...
 [ 4.21373969e-01 -5.15779930e-01  9.55431242e-02 ... -7.87151108e-01
   4.23089756e-01  3.83219470e-01]
 [ 1.29286199e+00 -1.53328047e+00 -1.07104061e+00 ...  2.40347943e-01
   6.00742062e-01  6.01680993e-02]
 [ 9.36751755e-01 -7.77543010e-01  2.11151229e+00 ... -2.38432112e-01
  -3.81271702e-01 -9.61016254e-01]];[ 0.05203894 -0.12766765 -1.85319019  1.47340772 -0.68805419 -0.28241956
  0.4853075   0.48022576 -0.81106115  0.33712868 -1.60302603  1.70321479
  0.0410295  -2.93522252 -0.30730019  2.43741669];[[-0.57323569 -0.42177524  1.76550144 -0.22909956  1.02285551  1.1131238
   0.88169115 -0.98134749  0.34595782  1.0122377   1.34121961  1.22839673
   0.69348723 -1.40527994  0.93573668  0.33524061]
 [ 0.15677099  0.61059995 -0.91955346  0.55574482  1.06532992 -1.95880779
  -0.7319838   1.15250114  0.31471714 -0.38914464  0.01099809 -0.01749311
  -1.05354262  0.57829526  0.71684516  1.47858907]
 [-0.28181462 -1.13229599  0.4678211   1.96684469  0.82961058  0.0133191
  -0.982599    0.72722053  2.19724161  1.24498273 -2.18616426 -1.09153748
  -0.06185145 -1.06951997  0.19193617  0.42822981]
 [ 0.14193257  0.21573555 -0.95814377 -0.36503393  1.18062314 -0.62329358
  -0.61673354 -0.25559408  0.21951132 -0.29187151  1.24088362 -1.00832556
   1.5413277   1.10485165  1.58199309 -1.06937829]
 [ 0.49810168  0.30588064  0.75347399  1.55035548 -2.02311697 -0.40901287
   0.37235908  0.98047722 -0.20907154 -0.68361424  0.47960682  0.15515973
  -0.20103997 -0.74035574 -0.53047877 -1.41463032]
 [-0.29468779 -0.18717313  0.19779861 -1.22316382  0.34638332 -0.81814258
   0.50332838 -0.0138312   1.52958245  0.94883693 -1.35950064  0.42054251
   0.55307625  1.20073853  0.04101733 -0.23565919]];[-1.73313503 -0.4864594  -0.34074107 -1.49586391 -1.11715766  0.03632674]"
17,-0.012409949608706838,"2.0,0.0,3.0,3.0,1.0|1.0,1.0,2.0,4.0,3.0|4.0,3.0,1.0,4.0,2.0|4.0,2.0,3.0,4.0,1.0|4.0,0.0,4.0,2.0,4.0","[[-0.42298243 -1.54545994  0.05958132 ...  0.38905562  0.97008241
   1.81660353]
 [-0.132872    1.18561496  0.98357309 ... -1.48035845 -1.2774964
  -0.04111866]
 [ 0.25831953  0.69520109 -0.45273062 ... -0.02797815  1.34756278
  -0.47710841]
 ...
 [ 0.72758871  0.04772632  0.42708219 ...  0.3431686  -0.24939166
  -0.2139544 ]
 [-1.19381716 -0.32158458 -0.99476845 ... -0.96719427  1.37797624
   0.18398291]
 [ 0.23987642  0.49688021 -0.5366023  ... -1.41651238 -0.62894403
   0.46188726]];[ 0.331845    0.35905591  0.78778435 -0.69635446 -1.64059166  0.15842438
  0.1738702  -0.50104705 -1.13754336 -1.49888729  0.66811532  0.52422351
  1.11492217 -0.36276492  0.6165333  -2.43962603];[[ 0.04740015  1.68051007  1.31748123 -1.452366   -0.82358005 -0.67653463
  -0.45793527 -1.02289855 -1.61983818 -0.56073044  0.36655889  0.78355064
  -2.24469975  1.22418275  0.27610956 -0.19298763]
 [ 1.01645174 -0.68820915 -0.62578016  0.24566801  0.34506925  0.09187666
  -1.00609271 -0.4598404  -0.92635736 -2.38445146  0.04539973 -0.43887131
  -1.4926806   1.45274029 -0.24337626  0.72606687]
 [-1.27108892 -1.43640453  0.69018492 -2.20240242 -0.00983884  1.7165309
   0.49390303  2.35473989  2.12554258 -0.22538844  0.87442812  0.5300557
   0.72461091  1.53220043  1.03351314 -0.70727655]
 [ 0.60391763  1.75846176  0.32720953  0.66771677  0.42273471  0.84682841
   0.18460219  0.49533069  1.01955909 -0.58750295  0.90380591 -2.90365029
   1.30680588 -1.67248586  0.21967862 -0.19234327]
 [ 0.5773778  -0.33400201  1.01343383 -0.12753619  0.70053487  0.73791641
   1.50591615  1.6116017   0.36618741 -0.15961218 -0.55390054 -1.46112976
   0.10423561 -0.05730098 -0.18024704 -0.87464127]
 [ 0.57535547 -0.02266016 -1.68840827  0.14620807 -0.6465839  -1.96548341
   0.16753396  1.40637174 -1.73835848 -0.17383012  0.26044617 -0.52293833
  -1.89406637 -0.08233954 -1.69643631 -0.86236859]
 [-0.59882283 -0.72546948 -2.19678501 -0.39303293 -0.0214396   1.92866394
  -2.32790251  0.50456671 -0.74669109  0.9809243  -0.09263288 -0.08552514
   1.5791631  -0.50956325  0.70809711  1.33239626]
 [-0.10295691 -0.21763825  0.59215018 -0.3281625  -0.61198551 -0.08665174
  -0.09127877  0.38147055 -0.95175764 -0.04445328  0.25499137 -1.45633502
  -0.92249036 -0.02852607 -0.2931579  -1.08880251]
 [-0.13395024 -1.48748438  0.96478935  1.80366949  0.48592446 -1.2733074
   0.87011748  1.20766982  2.05613194  0.22065889 -1.04720456  0.24693051
   0.79348932  0.7852648   2.08530616 -1.32592868]
 [ 0.79097101 -0.47779468  1.07355451 -0.23278181  1.49473285 -0.38731349
   0.46910261 -1.27156915 -0.42527347  0.92233657 -1.34828932 -1.65840547
   0.38323338 -1.80672864  0.89959235  0.49002646]
 [-0.01435502  0.39440719 -1.0452466   0.09211684 -0.81294198 -0.53032368
   1.1459806   2.33583745  1.92333741  2.45386191 -0.85299549 -0.37575919
   1.35276661  0.5564573  -0.0877012   0.04284269]
 [ 0.38711048  1.44352418 -0.9717897  -0.75005531 -0.79017189  0.49125682
  -0.10645202  0.60741957  0.84838804 -0.33733188  0.56633808 -1.54915062
  -0.8664948  -1.44251936 -0.42873087 -0.36501773]
 [ 1.42880689 -1.22410292 -0.27882069  2.20283003 -0.83560641  1.73776731
  -1.0427713   1.41620995  0.21187272 -0.38491955  1.08642713  2.09965016
  -0.81087098 -0.73734509 -0.73717449  0.33722444]];[ 0.08101442  1.66208904 -1.41773109  0.3529274  -2.77151061 -0.97689972
 -1.84282441  0.71777438 -1.80367326  0.73527339  1.40903806  0.97874515
  0.53168386]"
18,-0.10802371002192873,"0.0,0.0,0.0,0.0,0.0|0.0,1.0,2.0,2.0,0.0|2.0,2.0,3.0,4.0,2.0|0.0,2.0,0.0,4.0,4.0|0.0,0.0,2.0,1.0,1.0","[[-1.44377396  1.30940496  0.58369107 ... -1.53260507 -0.25647511
  -0.80636165]
 [-0.27578254 -0.48776537 -1.57515736 ... -1.1676937  -1.44879691
   0.52247952]
 [-0.09445034 -0.86107555  0.70583933 ...  0.58147852  1.06800588
  -0.0121882 ]
 ...
 [-2.09772358  0.17110418  0.64889465 ...  0.39605906  1.33241057
   1.3013318 ]
 [-0.05809647  0.03991599 -0.26506965 ...  0.65444749 -0.29026289
   0.65861571]
 [ 0.60058459 -1.54593208 -1.23902478 ...  0.87969587  0.79813981
  -0.79325733]];[-0.99738611 -0.20791254 -0.4889263   0.5382124   1.67564828  0.94270794
  0.8702737  -0.70935147  1.18468896  0.11784517  0.02227704 -0.04225279
  0.17121343 -0.55756657  0.38995442 -0.98806715];[[ 1.03011349 -0.32042658  0.10499899  0.26515363  0.74883429  0.17156771
   0.29914026 -0.83454188  0.26687742  0.55844859 -1.26265973 -0.13691211
   0.12886837  0.93289508 -0.05382161 -0.00439619]
 [ 2.35913563  0.33032314 -0.79845423  0.60384526  0.15146842 -1.27861746
   0.3053707  -0.69206881  1.06580928  1.05949397 -1.0746583   0.94318391
   0.86561161  1.95284244  2.43763625  0.73892083]
 [-0.25755471 -1.49273774 -1.5364776   1.04564719  1.32423665 -1.17523914
   0.71090313  1.17439335  0.09048409  0.08179169  0.01946094 -1.09237987
   1.04814824  0.46446764 -0.81360832 -0.7232419 ]
 [-0.57142652  0.00651034 -0.59525574 -1.66835369 -0.4657088  -1.18740235
   0.00721133 -0.55752668 -0.1579629   0.81693868 -0.62134613 -0.98837987
  -0.10056578 -1.44241573 -0.57577055  0.31557568]];[ 0.526237   -0.98493704  0.21635832 -0.53148103]"
19,-0.05376110717490562,"0.0,3.0,0.0,0.0,3.0|0.0,4.0,0.0,3.0,4.0|0.0,2.0,3.0,4.0,1.0|1.0,2.0,0.0,1.0,3.0|0.0,0.0,4.0,1.0,0.0","[[ 0.44003173 -0.58592026 -1.1220199  ...  0.45174613 -1.82957171
  -0.91347   ]
 [ 0.82285221  0.41866372 -0.02853351 ...  1.08915966  0.01918184
   1.15981617]
 [-0.3261114   1.08234109 -0.03857774 ...  1.31401051  2.39488319
  -0.05568326]
 ...
 [ 2.17885165  0.18605432 -0.61296156 ... -0.79301121  0.26010611
  -0.21402577]
 [ 1.15393097  3.07567373 -0.47145094 ... -0.08394412  1.48718886
   0.68651966]
 [ 0.61308809  0.44733951 -0.47666048 ...  0.61384302  0.77610771
  -0.92499736]];[ 2.06292023  0.32277484  0.01175989 -0.2858571  -0.12277725  1.78569405
  1.65426162 -0.13347849  1.7036358  -0.12178793  0.28316125  1.72628293
 -0.68239294 -1.6199475  -1.02440651 -0.0220851 ];[[ 1.02627557  0.40475344  0.09821181 -0.92224935 -2.03568928  0.65803041
   0.13952418 -1.00174235 -0.27008981  0.82377666 -0.74036889 -0.19215509
   0.6495599   0.71077591  0.31232585 -0.57603438]
 [ 0.10259191 -0.46971319 -1.47432525 -0.64201905 -0.66640751  1.29126929
   0.19811339 -2.35355255  1.1125857  -1.22524116 -1.08099205  0.62138585
  -0.12983599 -0.86607536  0.33491448 -0.47394119]
 [-1.23990018  0.79257867  0.60109105 -0.45506426 -0.40607762 -1.05750696
  -0.18520386  1.08266149  0.72920458  0.13662171  0.34017881  1.14631296
   0.03076199 -0.29508585  0.08373139 -1.15942068]
 [ 1.48584632 -0.98885661 -0.50727642 -0.0441682   0.57232796  0.22162005
   0.35314497  0.81267137  0.91838777  1.1161573  -1.51052142  1.20261488
   0.15706285  2.12433191  0.5663224  -1.04885848]
 [-0.39170522 -0.7252758  -0.13433421 -0.41189731 -0.97379774  0.4663368
  -1.39636722 -0.08806233 -0.10022941  0.48896442  0.53671109 -0.42792189
  -0.50443697 -0.55087114 -0.84210559  0.68745604]
 [ 0.45810813  0.90552829 -0.46206199 -1.38715533  0.02237926  0.11092217
  -1.4023763  -0.22606221  1.88168202  0.26357184 -1.43624481  0.43393782
  -2.12370158 -0.75422022 -1.84936724  0.99259272]
 [-0.42571504  1.78251357  0.44482782  0.44078351  0.58236319  1.93946805
   0.95743781  0.98404512 -1.30572801 -0.11802799  0.75615909 -1.86917576
  -0.16225392  1.19096454 -1.19859896  0.30225202]
 [-0.88121458  0.91107811 -1.24381306  2.07131187  0.94347875 -0.32113038
  -1.15966321  1.63462811  0.31312109 -1.30087556  0.25759416 -1.21093174
  -2.13403856  0.40919124 -0.61242574 -1.44395146]
 [ 0.41093069 -0.36253595  0.2856674   0.52285205  1.70779205  0.06169357
   1.00719162 -0.06868083 -0.07543316  1.02854553 -0.10856181 -0.88176136
   0.89604724 -0.15429823 -0.62721375 -1.33698549]];[ 0.09795432 -1.3807642   0.50913273  0.15601522  1.50963346  0.21704639
 -0.38193528  0.38718927 -1.62011519]"
